﻿{"cameraMode":{"drawMode":0,"name":"Shaded","section":"Shading Mode"},"sceneLighting":false,"audioPlay":false,"sceneViewState":{"showFog":true,"showMaterialUpdate":false,"showSkybox":false,"showFlares":true,"showImageEffects":true,"showParticleSystems":true},"in2DMode":false,"pivot":{"x":0.9900000095367432,"y":-4.175482749938965,"z":-46.03822326660156},"rotation":{"x":-0.22253602743148805,"y":0.7109546661376953,"z":-0.25693029165267947,"w":-0.615662693977356},"size":3.222872495651245,"orthographic":false}